id,labels,Rendah,Sedang,Tinggi
datatrain001,["Sedang"],0,1,0
datatrain002,["Tinggi"],0,0,1
datatrain003,["Tinggi"],0,0,1
datatrain004,["Tinggi"],0,0,1
datatrain005,["Tinggi"],0,0,1
datatrain006,["Tinggi"],0,0,1
datatrain007,["Sedang"],0,1,0
datatrain008,["Tinggi"],0,0,1
datatrain009,["Tinggi"],0,0,1
datatrain010,["Tinggi"],0,0,1
datatrain011,["Tinggi"],0,0,1
datatrain012,["Tinggi"],0,0,1
datatrain013,["Tinggi"],0,0,1
datatrain014,["Tinggi"],0,0,1
datatrain015,["Tinggi"],0,0,1
datatrain016,["Tinggi"],0,0,1
datatrain017,["Tinggi"],0,0,1
datatrain018,["Tinggi"],0,0,1
datatrain019,["Sedang"],0,1,0
datatrain020,["Tinggi"],0,0,1
datatrain021,["Sedang"],0,1,0
datatrain022,["Tinggi"],0,0,1
datatrain023,["Tinggi"],0,0,1
datatrain024,["Tinggi"],0,0,1
datatrain025,["Tinggi"],0,0,1
datatrain026,["Tinggi"],0,0,1
datatrain027,["Tinggi"],0,0,1
datatrain028,["Tinggi"],0,0,1
datatrain029,["Tinggi"],0,0,1
datatrain030,["Tinggi"],0,0,1
datatrain031,["Tinggi"],0,0,1
datatrain032,["Tinggi"],0,0,1
datatrain033,["Tinggi"],0,0,1
datatrain034,["Tinggi"],0,0,1
datatrain035,["Tinggi"],0,0,1
datatrain036,["Tinggi"],0,0,1
datatrain037,["Tinggi"],0,0,1
datatrain038,["Tinggi"],0,0,1
datatrain039,["Tinggi"],0,0,1
datatrain040,["Tinggi"],0,0,1
datatrain041,["Tinggi"],0,0,1
datatrain042,["Tinggi"],0,0,1
datatrain043,["Tinggi"],0,0,1
datatrain044,["Tinggi"],0,0,1
datatrain045,["Tinggi"],0,0,1
datatrain046,["Tinggi"],0,0,1
datatrain047,["Tinggi"],0,0,1
datatrain048,["Tinggi"],0,0,1
datatrain049,["Tinggi"],0,0,1
datatrain050,["Sedang"],0,1,0
datatrain051,["Tinggi"],0,0,1
datatrain052,["Tinggi"],0,0,1
datatrain053,["Tinggi"],0,0,1
datatrain054,["Tinggi"],0,0,1
datatrain055,["Tinggi"],0,0,1
datatrain056,["Tinggi"],0,0,1
datatrain057,["Tinggi"],0,0,1
datatrain058,["Tinggi"],0,0,1
datatrain059,["Tinggi"],0,0,1
datatrain060,["Tinggi"],0,0,1
datatrain061,["Tinggi"],0,0,1
datatrain062,["Tinggi"],0,0,1
datatrain063,["Tinggi"],0,0,1
datatrain064,["Tinggi"],0,0,1
datatrain065,["Tinggi"],0,0,1
datatrain066,["Tinggi"],0,0,1
datatrain067,["Tinggi"],0,0,1
datatrain068,["Tinggi"],0,0,1
datatrain069,["Tinggi"],0,0,1
datatrain070,["Tinggi"],0,0,1
datatrain071,["Tinggi"],0,0,1
datatrain072,["Tinggi"],0,0,1
datatrain073,["Tinggi"],0,0,1
datatrain074,["Sedang"],0,1,0
datatrain075,["Sedang"],0,1,0
datatrain076,["Sedang"],0,1,0
datatrain077,["Sedang"],0,1,0
datatrain078,["Sedang"],0,1,0
datatrain079,["Tinggi"],0,0,1
datatrain080,["Sedang"],0,1,0
datatrain081,["Tinggi"],0,0,1
datatrain082,["Sedang"],0,1,0
datatrain083,["Sedang"],0,1,0
datatrain084,["Sedang"],0,1,0
datatrain085,["Tinggi"],0,0,1
datatrain086,["Tinggi"],0,0,1
datatrain087,["Sedang"],0,1,0
datatrain088,["Tinggi"],0,0,1
datatrain089,["Tinggi"],0,0,1
datatrain090,["Tinggi"],0,0,1
datatrain091,["Tinggi"],0,0,1
datatrain092,["Tinggi"],0,0,1
datatrain093,["Sedang"],0,1,0
datatrain094,["Tinggi"],0,0,1
datatrain095,["Sedang"],0,1,0
datatrain096,["Tinggi"],0,0,1
datatrain097,["Tinggi"],0,0,1
datatrain098,["Tinggi"],0,0,1
datatrain099,["Tinggi"],0,0,1
datatrain100,["Tinggi"],0,0,1
datatrain101,["Sedang"],0,1,0
datatrain102,["Tinggi"],0,0,1
datatrain103,["Tinggi"],0,0,1
datatrain104,["Tinggi"],0,0,1
datatrain105,["Sedang"],0,1,0
