id,labels,Rendah,Sedang,Tinggi
datatrain001,["Sedang"],0,1,0
datatrain002,["Tinggi"],0,0,1
datatrain003,["Tinggi"],0,0,1
datatrain004,["Tinggi"],0,0,1
datatrain005,["Tinggi"],0,0,1
datatrain006,["Tinggi"],0,0,1
datatrain007,["Sedang"],0,1,0
datatrain008,["Tinggi"],0,0,1
datatrain009,["Sedang"],0,1,0
datatrain010,["Tinggi"],0,0,1
datatrain011,["Tinggi"],0,0,1
datatrain012,["Tinggi"],0,0,1
datatrain013,["Tinggi"],0,0,1
datatrain014,["Sedang"],0,1,0
datatrain015,["Tinggi"],0,0,1
datatrain016,["Sedang"],0,1,0
datatrain017,["Tinggi"],0,0,1
datatrain018,["Tinggi"],0,0,1
datatrain019,["Sedang"],0,1,0
datatrain020,["Tinggi"],0,0,1
datatrain021,["Sedang"],0,1,0
datatrain022,["Tinggi"],0,0,1
datatrain023,["Tinggi"],0,0,1
datatrain024,["Sedang"],0,1,0
datatrain025,["Tinggi"],0,0,1
datatrain026,["Tinggi"],0,0,1
datatrain027,["Tinggi"],0,0,1
datatrain028,["Tinggi"],0,0,1
datatrain029,["Tinggi"],0,0,1
datatrain030,["Tinggi"],0,0,1
datatrain031,["Sedang"],0,1,0
datatrain032,["Tinggi"],0,0,1
datatrain033,["Tinggi"],0,0,1
datatrain034,["Tinggi"],0,0,1
datatrain035,["Tinggi"],0,0,1
datatrain036,["Tinggi"],0,0,1
datatrain037,["Tinggi"],0,0,1
datatrain038,["Tinggi"],0,0,1
datatrain039,["Sedang"],0,1,0
datatrain040,["Tinggi"],0,0,1
datatrain041,["Tinggi"],0,0,1
datatrain042,["Tinggi"],0,0,1
datatrain043,["Sedang"],0,1,0
datatrain044,["Tinggi"],0,0,1
datatrain045,["Sedang"],0,1,0
datatrain046,["Tinggi"],0,0,1
datatrain047,["Tinggi"],0,0,1
datatrain048,["Sedang"],0,1,0
datatrain049,["Tinggi"],0,0,1
datatrain050,["Tinggi"],0,0,1
datatrain051,["Sedang"],0,1,0
datatrain052,["Sedang"],0,1,0
datatrain053,["Sedang"],0,1,0
datatrain054,["Tinggi"],0,0,1
datatrain055,["Tinggi"],0,0,1
datatrain056,["Tinggi"],0,0,1
datatrain057,["Sedang"],0,1,0
datatrain058,["Tinggi"],0,0,1
datatrain059,["Tinggi"],0,0,1
datatrain060,["Tinggi"],0,0,1
datatrain061,["Tinggi"],0,0,1
datatrain062,["Tinggi"],0,0,1
datatrain063,["Tinggi"],0,0,1
datatrain064,["Tinggi"],0,0,1
datatrain065,["Tinggi"],0,0,1
datatrain066,["Tinggi"],0,0,1
datatrain067,["Tinggi"],0,0,1
datatrain068,["Tinggi"],0,0,1
datatrain069,["Tinggi"],0,0,1
datatrain070,["Tinggi"],0,0,1
datatrain071,["Tinggi"],0,0,1
datatrain072,["Tinggi"],0,0,1
datatrain073,["Tinggi"],0,0,1
datatrain074,["Sedang"],0,1,0
datatrain075,["Sedang"],0,1,0
datatrain076,["Sedang"],0,1,0
datatrain077,["Tinggi"],0,0,1
datatrain078,["Tinggi"],0,0,1
datatrain079,["Sedang"],0,1,0
datatrain080,["Sedang"],0,1,0
datatrain081,["Tinggi"],0,0,1
datatrain082,["Sedang"],0,1,0
datatrain083,["Tinggi"],0,0,1
datatrain084,["Tinggi"],0,0,1
datatrain085,["Tinggi"],0,0,1
datatrain086,["Tinggi"],0,0,1
datatrain087,["Tinggi"],0,0,1
datatrain088,["Tinggi"],0,0,1
datatrain089,["Tinggi"],0,0,1
datatrain090,["Sedang"],0,1,0
datatrain091,["Tinggi"],0,0,1
datatrain092,["Sedang"],0,1,0
datatrain093,["Tinggi"],0,0,1
datatrain094,["Tinggi"],0,0,1
datatrain095,["Tinggi"],0,0,1
datatrain096,["Tinggi"],0,0,1
datatrain097,["Tinggi"],0,0,1
datatrain098,["Tinggi"],0,0,1
datatrain099,["Tinggi"],0,0,1
datatrain100,["Sedang"],0,1,0
datatrain101,["Tinggi"],0,0,1
datatrain102,["Sedang"],0,0,0
datatrain103,["Tinggi"],0,0,1
datatrain104,["Sedang"],0,1,0
datatrain105,["Sedang"],0,1,0
