id,labels,Rendah,Sedang,Tinggi
datatrain001,["Tinggi"],0,0,1
datatrain002,["Tinggi"],0,0,1
datatrain003,["Tinggi"],0,0,1
datatrain004,["Sedang"],0,1,0
datatrain005,["Sedang"],0,1,0
datatrain006,["Sedang"],0,1,0
datatrain007,["Tinggi"],0,0,1
datatrain008,["Sedang"],0,1,0
datatrain009,["Sedang"],0,1,0
datatrain010,["Tinggi"],0,0,1
datatrain011,["Sedang"],0,1,0
datatrain012,["Sedang"],0,1,0
datatrain013,["Sedang"],0,1,0
datatrain014,["Tinggi"],0,0,1
datatrain015,["Tinggi"],0,0,1
datatrain016,["Tinggi"],0,0,1
datatrain017,["Sedang"],0,1,0
datatrain018,["Sedang"],0,1,0
datatrain019,["Tinggi"],0,0,1
datatrain020,["Tinggi"],0,0,1
datatrain021,["Tinggi"],0,0,1
datatrain022,["Sedang"],0,1,0
datatrain023,["Sedang"],0,1,0
datatrain024,["Sedang"],0,1,0
datatrain025,["Sedang"],0,1,0
datatrain026,["Tinggi"],0,0,1
datatrain027,["Tinggi"],0,0,1
datatrain028,["Sedang"],0,1,0
datatrain029,["Tinggi"],0,0,1
datatrain030,["Sedang"],0,1,0
datatrain031,["Sedang"],0,1,0
datatrain032,["Sedang"],0,1,0
datatrain033,["Sedang"],0,1,0
datatrain034,["Sedang"],0,1,0
datatrain035,["Tinggi"],0,0,1
datatrain036,["Sedang"],0,1,0
datatrain037,["Sedang"],0,1,0
datatrain038,["Sedang"],0,1,0
datatrain039,["Sedang"],0,1,0
datatrain040,["Sedang"],0,1,0
datatrain041,["Sedang"],0,1,0
datatrain042,["Sedang"],0,1,0
datatrain043,["Tinggi"],0,0,1
datatrain044,["Tinggi"],0,0,1
datatrain045,["Tinggi"],0,0,1
datatrain046,["Sedang"],0,1,0
datatrain047,["Sedang"],0,1,0
datatrain048,["Tinggi"],0,0,1
datatrain049,["Sedang"],0,1,0
datatrain050,["Tinggi"],0,0,1
datatrain051,["Tinggi"],0,0,1
datatrain052,["Sedang"],0,1,0
datatrain053,["Tinggi"],0,0,1
datatrain054,["Tinggi"],0,0,1
datatrain055,["Sedang"],0,1,0
datatrain056,["Tinggi"],0,0,1
datatrain057,["Tinggi"],0,0,1
datatrain058,["Sedang"],0,1,0
datatrain059,["Sedang"],0,1,0
datatrain060,["Sedang"],0,1,0
datatrain061,["Tinggi"],0,0,1
datatrain062,["Sedang"],0,1,0
datatrain063,["Sedang"],0,1,0
datatrain064,["Tinggi"],0,0,1
datatrain065,["Sedang"],0,1,0
datatrain066,["Tinggi"],0,0,1
datatrain067,["Sedang"],0,1,0
datatrain068,["Tinggi"],0,0,1
datatrain069,["Tinggi"],0,0,1
datatrain070,["Sedang"],0,1,0
datatrain071,["Sedang"],0,1,0
datatrain072,["Sedang"],0,1,0
datatrain073,["Sedang"],0,1,0
datatrain074,["Tinggi"],0,0,1
datatrain075,["Sedang"],0,1,0
datatrain076,["Sedang"],0,1,0
datatrain077,["Sedang"],0,1,0
datatrain078,["Sedang"],0,1,0
datatrain079,["Sedang"],0,1,0
datatrain080,["Sedang"],0,1,0
datatrain081,["Tinggi"],0,0,1
datatrain082,["Sedang"],0,1,0
datatrain083,["Sedang"],0,1,0
datatrain084,["Tinggi"],0,0,1
datatrain085,["Tinggi"],0,0,1
datatrain086,["Sedang"],0,1,0
datatrain087,["Tinggi"],0,0,1
datatrain088,["Tinggi"],0,0,1
datatrain089,["Tinggi"],0,0,1
datatrain090,["Sedang"],0,1,0
datatrain091,["Sedang"],0,1,0
datatrain092,["Tinggi"],0,0,1
datatrain093,["Sedang"],0,1,0
datatrain094,["Sedang"],0,1,0
datatrain095,["Sedang"],0,1,0
datatrain096,["Sedang"],0,1,0
datatrain097,["Tinggi"],0,0,1
datatrain098,["Tinggi"],0,0,1
datatrain099,["Sedang"],0,1,0
datatrain100,["Tinggi"],0,0,1
datatrain101,["Sedang"],0,1,0
datatrain102,["Sedang"],0,1,0
datatrain103,["Tinggi"],0,0,1
datatrain104,["Sedang"],0,1,0
datatrain105,["Sedang"],0,1,0
